dataset_id,source_project,file_path,unit_of_observation,time_coverage,geography_key,primary_fields,role_in_paper,notes
employment_masterfile_geocoded,ohio_employment,C:/Users/rawatsa/OneDrive - University of Cincinnati/StataProjects/ohio_employment/data/masterfile_2006q1_2025q3_geocoded.csv,establishment-quarter,2006Q1-2025Q3,FIPS_ID,"year,quarter,pad,uin,rep_unit,naics,m1,m2,m3,wage,lat,long,FIPS_ID",Primary employment source,Preferred source because it is geocoded and already carries the harmonized local-government identifier.
employment_agg_fips_year,ohio_taxation,C:/Users/rawatsa/OneDrive - University of Cincinnati/StataProjects/ohio_taxation/data/employment/emp_df_agg_fips_yr.dta,local government-year,2006-2020,tendigit_fips,"tot_wages,avg_persons",Quick prototype panel,Useful for fast checks but not the preferred final source because it predates the new geocoded masterfile workflow.
firm_vars_fips_year,ohio_taxation,C:/Users/rawatsa/OneDrive - University of Cincinnati/StataProjects/ohio_taxation/data/employment/df_firm_vars_fips_yr.sas7bdat,local government-year,2006-2018,tendigit_fips,"firms_count,firms_created,firm_creation_rate,firm_destroyed,firm_destruction_rate",Firm dynamics extension,Good benchmark for entry and exit style outcomes.
housing_sales_slim,ohio_taxation,C:/Users/rawatsa/OneDrive - University of Cincinnati/StataProjects/ohio_taxation/data/housing/CoreLogic/housesales_9524_slim.dta,property sale,1995-2024,FIPS_ID,"SALE_AMOUNT,acres,universal_built,year_built,total_rooms,total_baths_calculated,agehouse,ac,basement,condition dummies,lat,lon",Primary housing source,Arms-length and largely single-family focused after the existing cleaning pipeline.
corelogic_property_geocoded,ohio_taxation,C:/Users/rawatsa/OneDrive - University of Cincinnati/StataProjects/ohio_taxation/data/housing/CoreLogic/corelogic_property_geocoded_with_cousub_place_oh.csv,property parcel,cross section,fips_id,"lat,long,cousub_geoid,place_geoid,place_lsad,fips_id",Geography validation,Helpful for checking the FIPS harmonization logic.
fars_points_raw,ohio_taxation,C:/Users/rawatsa/OneDrive - University of Cincinnati/StataProjects/ohio_taxation/data/fars/oh_accident_2001-2021.csv,fatal crash,2001-2021,lat-long,"fatals,persons,ve_forms,latitude,longitud,year",Primary crash source,Preferred crash source because it preserves point coordinates and allows a fresh harmonized spatial join.
fars_points_arcgis_join,ohio_taxation,C:/Users/rawatsa/OneDrive - University of Cincinnati/StataProjects/ohio_taxation/data/fars/fars_arcgis/oh_accident_2001_ExportTable.csv,fatal crash,2001-2021,GEOID,"GEOID,NAME,NAMELSAD,fatals,persons,ve_forms,year",Legacy crash join,Useful as a benchmark but it only reflects the county-subdivision join.
roads_and_census,ohio_taxation,C:/Users/rawatsa/OneDrive - University of Cincinnati/StataProjects/ohio_taxation/data/roads_and_census.dta,levy election-year,roughly 1990s-2025,TENDIGIT_FIPS,"votesfor,votesagainst,votes_pct_for,votes_pct_against,purpose2,description,pop,medfamy,poverty",Main source of quasi-experimental variation,Contains the running variable and local covariates used in the existing road-spending project.
cosub_place_panel,ohio_taxation,C:/Users/rawatsa/OneDrive - University of Cincinnati/StataProjects/ohio_taxation/data/cosub_place_panel_9023.dta,local government-year,1990-2023,FIPS_ID,"demographics,housing stock,tenure,race,education,income",Background controls and rates denominator,Use this when the analysis needs annual local covariates outside election years.
