family,sample,outcome,estimate,std_error,t_value,p_value,n_obs,n_counties,mean_outcome
first_stage,close5_finite_duration_recommended_crash,fatal_crashes_per_10k_p1,-0.07169411044951457,1.614054263648584,-0.04441864939995846,0.9647812142693853,77,43,1.6295890412089515
first_stage,close5_finite_duration_recommended_crash,fatal_crashes_per_10k_p2,-0.46348894101799054,1.114931641071407,-0.4157106354723194,0.6797381625675372,77,43,1.006448125401275
first_stage,close5_finite_duration_recommended_crash,fatal_crashes_per_10k_p3,0.4282145562367121,1.3132049713952665,0.32608356316359255,0.7459803791767712,77,43,1.4533628856717329
first_stage,close5_finite_duration_recommended_crash,fatal_crashes_per_10k_post_avg_p1_p3,-0.035656165076932034,0.9687110699825828,-0.036807843103902095,0.9708126141887423,77,43,1.3631333507606531
first_stage,close5_finite_duration_recommended_crash,fatal_crashes_per_10k_diff_p1_p3_vs_pre,0.46761538144478,0.9077722807245637,0.5151241025684765,0.6091670115693355,77,43,-0.2548878911949694
first_stage,close5_finite_duration_recommended_crash,fatalities_per_10k_post_avg_p1_p3,-0.143290924965787,1.148781717655011,-0.12473294339875496,0.9013300789478353,77,43,1.5042524620587812
first_stage,close5_finite_duration_recommended_crash,any_fatal_crash_post_avg_p1_p3,-0.0650112925968887,0.1862342194723457,-0.3490834970129771,0.7287707443755416,77,43,0.31601731601731603
housing_reduced_form,close5_finite_duration_recommended_downstream,log_median_sale_amount_post_avg_p2_p4,0.6055034393616054,0.1799096917569642,3.365596558186348,0.0018654158139113886,59,36,11.377021027548437
housing_reduced_form,close5_finite_duration_recommended_downstream,log_median_sale_amount_diff_p2_p4_vs_pre,0.20186871684652147,0.14436468782041534,1.398324755826987,0.17081384795535262,59,36,0.036710734441594776
housing_reduced_form,close5_finite_duration_recommended_downstream,n_sales_post_avg_p2_p4,-9.076335799683434,13.978386864226561,-0.6493121050263362,0.5203752646486459,59,36,71.16949152542372
housing_reduced_form,close5_finite_duration_recommended_downstream,n_sales_diff_p2_p4_vs_pre,-31.556540514136962,24.66322843075499,-1.2794975565642503,0.20913913169592835,59,36,3.564971751412431
housing_reduced_form_long,close5_finite_duration_recommended_downstream_long,log_median_sale_amount_post_avg_p2_p5,0.46471513057915637,0.2461393558872587,1.8880163592855659,0.07361877815606675,25,21,11.361713497069934
housing_reduced_form_long,close5_finite_duration_recommended_downstream_long,log_median_sale_amount_diff_p2_p5_vs_pre,0.3586502922846504,0.1828214862647176,1.9617513215341675,0.06386047385273348,25,21,0.02664738385522064
housing_reduced_form_long,close5_finite_duration_recommended_downstream_long,n_sales_post_avg_p2_p5,14.248487929997665,19.491489053002255,0.7310107448052043,0.4732506015392537,25,21,67.54666666666667
housing_reduced_form_long,close5_finite_duration_recommended_downstream_long,n_sales_diff_p2_p5_vs_pre,-72.98918510589365,38.646749357775654,-1.888624174576493,0.07353324268165153,25,21,-8.36
employment_reduced_form,close5_finite_duration_recommended_downstream,log_total_wages_post_avg_p2_p4,0.7867931335029574,0.9606796131375194,0.8189963883311111,0.41849231526485153,57,35,15.857521925166811
employment_reduced_form,close5_finite_duration_recommended_downstream,log_total_wages_diff_p2_p4_vs_pre,-0.09784477559822524,0.2204151723406703,-0.4439112541989526,0.6599192021081843,57,35,0.2101350565783029
employment_reduced_form,close5_finite_duration_recommended_downstream,log_avg_persons_post_avg_p2_p4,0.22481982393992794,0.6927236112902334,0.3245447683256955,0.7475140382275307,57,35,5.5180016374065906
employment_reduced_form,close5_finite_duration_recommended_downstream,log_establishments_post_avg_p2_p4,-0.13656339668507478,0.37781748674615706,-0.36145335109072696,0.7199971395964269,57,35,3.392844274965017
employment_reduced_form,close5_finite_duration_recommended_downstream,entrants_post_avg_p2_p4,-1.0695884059823388,1.6195142858219458,-0.6604377715874824,0.5134229403518893,57,35,6.8011695906432745
employment_reduced_form,close5_finite_duration_recommended_downstream,exits_post_avg_p2_p4,-2.4481286312281805,2.682837033871454,-0.91251484913916725,0.36792307914470346,57,35,8.128654970760234
employment_reduced_form_long,close5_finite_duration_recommended_downstream_long,log_total_wages_post_avg_p2_p5,1.583602725566239,1.810541196278883,0.8746571074002295,0.3921431416152745,25,21,16.098689903875773
employment_reduced_form_long,close5_finite_duration_recommended_downstream_long,log_total_wages_diff_p2_p5_vs_pre,-0.12610756187040198,0.1279957356883597,-0.9852481505903057,0.3362721866736704,25,21,0.1581453210673281
employment_reduced_form_long,close5_finite_duration_recommended_downstream_long,log_avg_persons_post_avg_p2_p5,0.748321119155249,1.265619666722446,0.5912685610307903,0.5609644182833162,25,21,5.779606686747273
employment_reduced_form_long,close5_finite_duration_recommended_downstream_long,log_establishments_post_avg_p2_p5,-0.02670711783128077,0.6563058677355373,-0.040693096228788514,0.9679440585839234,25,21,3.60291909943603
employment_reduced_form_long,close5_finite_duration_recommended_downstream_long,entrants_post_avg_p2_p5,-1.6902608444324987,2.800946653355285,-0.6034605630234751,0.552985534206559,25,21,7.333333333333333
employment_reduced_form_long,close5_finite_duration_recommended_downstream_long,exits_post_avg_p2_p5,4.875702483430335,11.993785590020643,0.4065190632961735,0.6886784408718136,25,21,14.176666666666666
pretrend_placebo,close5_finite_duration,fatal_crashes_per_10k_m3,0.16912378251739368,0.7465331270995685,0.22654558301313918,0.8217007499027463,132,51,1.232205252409896
pretrend_placebo,close5_finite_duration,fatal_crashes_per_10k_m2,-0.9479705982733113,1.0460559024790088,-0.9062332099333804,0.36899263844326036,150,53,1.3327027185223383
pretrend_placebo,close5_finite_duration,fatal_crashes_per_10k_m1,-0.741377751621773,0.7322345138049209,-1.012486761610486,0.31573895835003835,163,56,1.518796513735798
pretrend_placebo,close5_finite_duration,log_median_sale_amount_m3,0.11991861379414104,0.21619888862889744,0.5546680399452921,0.5816972295843916,129,49,11.438925306561567
pretrend_placebo,close5_finite_duration,log_median_sale_amount_m2,-0.026736738161472928,0.14527312453142746,-0.18404462799097346,0.854708284663616,146,52,11.422625838257932
pretrend_placebo,close5_finite_duration,log_median_sale_amount_m1,-0.01135559157535404,0.17149016462492866,-0.06621715945162336,0.9474494880693314,160,55,11.4380993289413
pretrend_placebo,close5_finite_duration,log_total_wages_m3,-0.21423785669186124,0.4528905759616975,-0.47304551709192566,0.6382812505508288,129,50,15.89490215585064
pretrend_placebo,close5_finite_duration,log_total_wages_m2,0.1674347679317716,0.6208482015917363,0.26968712722771976,0.7884891859989076,148,52,15.871956693912958
pretrend_placebo,close5_finite_duration,log_total_wages_m1,-0.13483875003801415,0.38523589330580466,-0.350016061278531,0.7276881871155192,160,55,15.913568531201015
